Dungeon_Name,Dungeon_Index,Keeper_Type,RequestMember,IsSiegeSeal,KickToMap_0,KickToX_0,KickToY_0,KickRespawn,MapCount,MapIndex_0,MapIndex_1,MapIndex_2,MapIndex_3,MapIndex_4,MapIndex_5,MapIndex_6,MapIndex_7,MapIndex_8
Magic Field of Crevice C,24,PARTY,3,0,19,363,256,0,1,24,0,0,0,0,0,0,0,0
Crespo's Treasure C,25,PARTY,2,0,12,80,471,0,1,25,0,0,0,0,0,0,0,0
Cave of Abyss,29,PARTY,0,1,3,464,314,0,1,29,0,0,0,0,0,0,0,0
Magic Field of Crevice B,30,PARTY,3,0,19,363,256,0,1,30,0,0,0,0,0,0,0,0
Magic Field of Crevice A,31,PARTY,3,0,19,363,256,0,1,31,0,0,0,0,0,0,0,0
Crespo's Treasure B,32,PARTY,2,0,12,80,471,0,1,32,0,0,0,0,0,0,0,0
Crespo's Treasure A,33,PARTY,2,0,12,80,471,0,1,33,0,0,0,0,0,0,0,0
Magic Field of Crack: Depth,34,PARTY,3,0,19,363,256,0,1,34,0,0,0,0,0,0,0,0
Quilue Liana,48,PARTY,0,0,47,38,117,0,1,48,0,0,0,0,0,0,0,0
Nest of Cherubim,49,TROOP,12,0,50,307,247,0,1,49,0,0,0,0,0,0,0,0
Karon's Transport Ship-C,52,TROOP,12,0,51,198,341,0,1,52,0,0,0,0,0,0,0,0
Karon's Transport Ship-B,53,TROOP,12,0,51,230,396,0,1,53,0,0,0,0,0,0,0,0
Karon's Transport Ship-A,54,TROOP,12,0,51,284,408,0,1,54,0,0,0,0,0,0,0,0
Karon's Transport Ship-S,55,TROOP,12,0,51,330,355,0,1,55,0,0,0,0,0,0,0,0
Undo Stadion,56,PARTYMATCH,0,0,0,294,374,0,1,56,0,0,0,0,0,0,0,0
Oasis Cartell,57,PARTYMATCH,0,0,0,294,374,0,1,57,0,0,0,0,0,0,0,0
Secret Arena in Norak,58,PARTYMATCH,0,0,0,294,374,0,1,58,0,0,0,0,0,0,0,0
Helicita Colosseum,59,PARTYMATCH,0,0,0,294,374,0,1,59,0,0,0,0,0,0,0,0
Umbar's Hangout,64,PARTY,1,0,63,425,215,0,1,64,0,0,0,0,0,0,0,0
Mordo Lumbule,66,SOLO,1,0,150,450,58,0,1,66,0,0,0,0,0,0,0,0
Egutt Desert,67,SQUARE,0,0,0,100,100,0,1,67,0,0,0,0,0,0,0,0
Karon's Remnants,76,PARTY,1,0,72,292,269,1,1,76,0,0,0,0,0,0,0,0
Karon's Remnants,85,PARTY,1,0,73,292,269,1,1,85,0,0,0,0,0,0,0,0
Karon's Remnants,86,PARTY,1,0,74,292,269,1,1,86,0,0,0,0,0,0,0,0
Karon's Remnants,87,PARTY,1,0,75,292,269,1,1,87,0,0,0,0,0,0,0,0
Karon's Remnants_S,121,PARTY,1,0,72,292,269,1,1,121,0,0,0,0,0,0,0,0
Karon's Remnants_S,122,PARTY,1,0,73,292,269,1,1,122,0,0,0,0,0,0,0,0
Karon's Remnants_S,123,PARTY,1,0,74,292,269,1,1,123,0,0,0,0,0,0,0,0
Karon's Remnants_S,124,PARTY,1,0,75,292,269,1,1,124,0,0,0,0,0,0,0,0
Tower of Spell (Normal),89,PARTY,2,0,88,400,100,1,5,89,90,91,92,93,0,0,0,0
Tower of Spell (Hard),95,PARTY,2,0,88,400,100,1,5,95,96,97,98,99,0,0,0,0
Shadow Shield,94,PARTY,2,0,21,222,397,1,1,94,0,0,0,0,0,0,0,0
Karon's Remnants [Hard 1],120,PARTY,1,0,38,250,250,1,1,120,0,0,0,0,0,0,0,0
Chamber of Confinement_01,130,PARTY,1,0,10,358,113,1,1,130,0,0,0,0,0,0,0,0
Chamber of Confinement_02,131,PARTY,1,0,10,358,113,1,1,131,0,0,0,0,0,0,0,0
Chamber of Confinement_03,132,PARTY,1,0,10,358,113,1,1,132,0,0,0,0,0,0,0,0
Chamber of Confinement_04,133,PARTY,1,0,10,358,113,1,1,133,0,0,0,0,0,0,0,0
Chamber of Confinement_05,134,PARTY,1,0,10,358,113,1,1,134,0,0,0,0,0,0,0,0
Chamber of Confinement_06,135,PARTY,1,0,10,374,344,1,1,135,0,0,0,0,0,0,0,0
Chamber of Confinement_07,136,PARTY,1,0,10,374,344,1,1,136,0,0,0,0,0,0,0,0
Chamber of Confinement_08,137,PARTY,1,0,10,374,344,1,1,137,0,0,0,0,0,0,0,0
Chamber of Confinement_09,138,PARTY,1,0,10,374,344,1,1,138,0,0,0,0,0,0,0,0
Chamber of Confinement_10,139,PARTY,1,0,10,374,344,1,1,139,0,0,0,0,0,0,0,0
Chamber of Confinement_11,140,PARTY,1,0,10,102,389,1,1,140,0,0,0,0,0,0,0,0
Chamber of Confinement_12,141,PARTY,1,0,10,102,389,1,1,141,0,0,0,0,0,0,0,0
Chamber of Confinement_13,142,PARTY,1,0,10,102,389,1,1,142,0,0,0,0,0,0,0,0
Chamber of Confinement_14,143,PARTY,1,0,10,102,389,1,1,143,0,0,0,0,0,0,0,0
Chamber of Confinement_15,144,PARTY,1,0,10,102,389,1,1,144,0,0,0,0,0,0,0,0
Chamber of Confinement_16,145,PARTY,1,0,10,115,122,1,1,145,0,0,0,0,0,0,0,0
Chamber of Confinement_17,146,PARTY,1,0,10,115,122,1,1,146,0,0,0,0,0,0,0,0
Chamber of Confinement_18,147,PARTY,1,0,10,115,122,1,1,147,0,0,0,0,0,0,0,0
Chamber of Confinement_19,148,PARTY,1,0,10,115,122,1,1,148,0,0,0,0,0,0,0,0
Chamber of Confinement_20,149,PARTY,1,0,10,115,122,1,1,149,0,0,0,0,0,0,0,0
Ruins of Baz,151,PARTY,2,0,46,280,185,1,1,151,0,0,0,0,0,0,0,0
Ruins of Rudene,152,PARTY,2,0,46,423,399,1,1,152,0,0,0,0,0,0,0,0
Secret Arena [Infinite Battle],153,PARTY,2,0,14,458,426,1,1,153,0,0,0,0,0,0,0,0
Cartel [Infinite Battle],154,PARTY,2,0,13,328,292,1,1,154,0,0,0,0,0,0,0,0
Colosseum [Infinite Battle],155,PARTY,2,0,10,26,29,1,1,155,0,0,0,0,0,0,0,0
Elohohm,159,PARTY,2,0,158,84,411,1,1,159,0,0,0,0,0,0,0,0
